{
  "accuracy": 0.7603231597845601,
  "macro_f1": 0.44394949214702745,
  "macro_auc": 0.9370466146303223,
  "report": {
    "akiec": {
      "precision": 0.2857142857142857,
      "recall": 0.05405405405405406,
      "f1-score": 0.09090909090909091,
      "support": 37.0
    },
    "bcc": {
      "precision": 0.582089552238806,
      "recall": 0.6,
      "f1-score": 0.5909090909090909,
      "support": 65.0
    },
    "bkl": {
      "precision": 0.6736842105263158,
      "recall": 0.4,
      "f1-score": 0.5019607843137255,
      "support": 160.0
    },
    "df": {
      "precision": 0.4444444444444444,
      "recall": 0.3333333333333333,
      "f1-score": 0.38095238095238093,
      "support": 12.0
    },
    "mel": {
      "precision": 0.4344262295081967,
      "recall": 0.4774774774774775,
      "f1-score": 0.45493562231759654,
      "support": 111.0
    },
    "nv": {
      "precision": 0.8411330049261084,
      "recall": 0.9619718309859155,
      "f1-score": 0.897503285151117,
      "support": 710.0
    },
    "vasc": {
      "precision": 1.0,
      "recall": 0.10526315789473684,
      "f1-score": 0.19047619047619047,
      "support": 19.0
    },
    "accuracy": 0.7603231597845601,
    "macro avg": {
      "precision": 0.6087845324797367,
      "recall": 0.418871407677931,
      "f1-score": 0.44394949214702745,
      "support": 1114.0
    },
    "weighted avg": {
      "precision": 0.7414324968199656,
      "recall": 0.7603231597845601,
      "f1-score": 0.7342927428078508,
      "support": 1114.0
    }
  },
  "confusion_matrix": [
    [
      2,
      9,
      10,
      0,
      11,
      5,
      0
    ],
    [
      2,
      39,
      3,
      1,
      10,
      10,
      0
    ],
    [
      2,
      12,
      64,
      2,
      25,
      55,
      0
    ],
    [
      1,
      0,
      4,
      4,
      1,
      2,
      0
    ],
    [
      0,
      2,
      8,
      1,
      53,
      47,
      0
    ],
    [
      0,
      4,
      2,
      1,
      20,
      683,
      0
    ],
    [
      0,
      1,
      4,
      0,
      2,
      10,
      2
    ]
  ]
}