step,split,loss,accuracy,macro_f1,macro_auc
1,val,0.6214855034652406,0.7603231597845601,0.44394949214702745,0.9370466146303223
