{
  "accuracy": 0.8118172790466733,
  "macro_f1": 0.6053860391934013,
  "macro_auc": 0.9504792691567802,
  "report": {
    "akiec": {
      "precision": 0.65625,
      "recall": 0.3088235294117647,
      "f1-score": 0.42,
      "support": 68.0
    },
    "bcc": {
      "precision": 0.6666666666666666,
      "recall": 0.66,
      "f1-score": 0.6633165829145728,
      "support": 100.0
    },
    "bkl": {
      "precision": 0.6104651162790697,
      "recall": 0.5121951219512195,
      "f1-score": 0.5570291777188329,
      "support": 205.0
    },
    "df": {
      "precision": 0.3684210526315789,
      "recall": 0.3181818181818182,
      "f1-score": 0.34146341463414637,
      "support": 22.0
    },
    "mel": {
      "precision": 0.5495495495495496,
      "recall": 0.5495495495495496,
      "f1-score": 0.5495495495495496,
      "support": 222.0
    },
    "nv": {
      "precision": 0.893970893970894,
      "recall": 0.946441672780631,
      "f1-score": 0.9194583036350678,
      "support": 1363.0
    },
    "vasc": {
      "precision": 0.8888888888888888,
      "recall": 0.7058823529411765,
      "f1-score": 0.7868852459016393,
      "support": 34.0
    },
    "accuracy": 0.8118172790466733,
    "macro avg": {
      "precision": 0.6620303097123783,
      "recall": 0.5715820064023084,
      "f1-score": 0.6053860391934013,
      "support": 2014.0
    },
    "weighted avg": {
      "precision": 0.8020093492384913,
      "recall": 0.8118172790466733,
      "f1-score": 0.8036596827512523,
      "support": 2014.0
    }
  },
  "confusion_matrix": [
    [
      21,
      7,
      25,
      3,
      9,
      3,
      0
    ],
    [
      7,
      66,
      7,
      1,
      10,
      7,
      2
    ],
    [
      2,
      13,
      105,
      1,
      32,
      51,
      1
    ],
    [
      2,
      4,
      3,
      7,
      2,
      4,
      0
    ],
    [
      0,
      1,
      14,
      3,
      122,
      82,
      0
    ],
    [
      0,
      8,
      18,
      2,
      45,
      1290,
      0
    ],
    [
      0,
      0,
      0,
      2,
      2,
      6,
      24
    ]
  ]
}