{
  "accuracy": 0.8445878848063555,
  "macro_f1": 0.7127412040489423,
  "macro_auc": NaN,
  "report": {
    "akiec": {
      "precision": 0.5930232558139535,
      "recall": 0.75,
      "f1-score": 0.6623376623376623,
      "support": 68.0
    },
    "bcc": {
      "precision": 0.7192982456140351,
      "recall": 0.82,
      "f1-score": 0.7663551401869159,
      "support": 100.0
    },
    "bkl": {
      "precision": 0.6754385964912281,
      "recall": 0.751219512195122,
      "f1-score": 0.7113163972286374,
      "support": 205.0
    },
    "df": {
      "precision": 0.6363636363636364,
      "recall": 0.3181818181818182,
      "f1-score": 0.42424242424242425,
      "support": 22.0
    },
    "mel": {
      "precision": 0.6290322580645161,
      "recall": 0.7027027027027027,
      "f1-score": 0.6638297872340425,
      "support": 222.0
    },
    "nv": {
      "precision": 0.9458204334365325,
      "recall": 0.896551724137931,
      "f1-score": 0.9205273069679849,
      "support": 1363.0
    },
    "vasc": {
      "precision": 0.8285714285714286,
      "recall": 0.8529411764705882,
      "f1-score": 0.8405797101449275,
      "support": 34.0
    },
    "accuracy": 0.8445878848063555,
    "macro avg": {
      "precision": 0.7182211220507614,
      "recall": 0.7273709905268803,
      "f1-score": 0.7127412040489423,
      "support": 2014.0
    },
    "weighted avg": {
      "precision": 0.854861052072095,
      "recall": 0.8445878848063555,
      "f1-score": 0.8477936008595358,
      "support": 2014.0
    }
  },
  "confusion_matrix": [
    [
      51,
      5,
      7,
      0,
      4,
      1,
      0
    ],
    [
      9,
      82,
      3,
      0,
      2,
      3,
      1
    ],
    [
      9,
      11,
      154,
      0,
      14,
      17,
      0
    ],
    [
      6,
      0,
      4,
      7,
      0,
      5,
      0
    ],
    [
      6,
      1,
      15,
      0,
      156,
      42,
      2
    ],
    [
      5,
      14,
      45,
      4,
      70,
      1222,
      3
    ],
    [
      0,
      1,
      0,
      0,
      2,
      2,
      29
    ]
  ]
}