step,split,loss,accuracy,macro_f1,macro_auc
0,test,0.0,0.11022840119165839,0.028366981855353947,0.5819007506940169
