{
  "accuracy": 0.11022840119165839,
  "macro_f1": 0.028366981855353947,
  "macro_auc": 0.5819007506940169,
  "report": {
    "akiec": {
      "precision": 0.0,
      "recall": 0.0,
      "f1-score": 0.0,
      "support": 68.0
    },
    "bcc": {
      "precision": 0.0,
      "recall": 0.0,
      "f1-score": 0.0,
      "support": 100.0
    },
    "bkl": {
      "precision": 0.0,
      "recall": 0.0,
      "f1-score": 0.0,
      "support": 205.0
    },
    "df": {
      "precision": 0.0,
      "recall": 0.0,
      "f1-score": 0.0,
      "support": 22.0
    },
    "mel": {
      "precision": 0.11022840119165839,
      "recall": 1.0,
      "f1-score": 0.19856887298747763,
      "support": 222.0
    },
    "nv": {
      "precision": 0.0,
      "recall": 0.0,
      "f1-score": 0.0,
      "support": 1363.0
    },
    "vasc": {
      "precision": 0.0,
      "recall": 0.0,
      "f1-score": 0.0,
      "support": 34.0
    },
    "accuracy": 0.11022840119165839,
    "macro avg": {
      "precision": 0.015746914455951198,
      "recall": 0.14285714285714285,
      "f1-score": 0.028366981855353947,
      "support": 2014.0
    },
    "weighted avg": {
      "precision": 0.012150300429269198,
      "recall": 0.11022840119165839,
      "f1-score": 0.021887929395839143,
      "support": 2014.0
    }
  },
  "confusion_matrix": [
    [
      0,
      0,
      0,
      0,
      68,
      0,
      0
    ],
    [
      0,
      0,
      0,
      0,
      100,
      0,
      0
    ],
    [
      0,
      0,
      0,
      0,
      205,
      0,
      0
    ],
    [
      0,
      0,
      0,
      0,
      22,
      0,
      0
    ],
    [
      0,
      0,
      0,
      0,
      222,
      0,
      0
    ],
    [
      0,
      0,
      0,
      0,
      1363,
      0,
      0
    ],
    [
      0,
      0,
      0,
      0,
      34,
      0,
      0
    ]
  ]
}